external_id,content,created_at,like_count,reply_count,quote_count,repost_count,labels
at://did:plc:clxs5bimkdx2zvxzrbs6v3pw/app.bsky.feed.post/3maqp6s5fb22m,also: arithmetic,,9,1,0,3,[]
at://did:plc:clxs5bimkdx2zvxzrbs6v3pw/app.bsky.feed.post/3maqoy55sms2m,kids: study economics,,64,4,0,9,[]
at://did:plc:xraomsuf6pvh7r2cqtdwhkvm/app.bsky.feed.post/3maqokl5dxk2i,,,10,0,0,2,[]
at://did:plc:62gdkmpwa7xme36getyqnem3/app.bsky.feed.post/3maqofykhks2f,"ü§î

gosh, you watched a very different video than i did!",,1,0,0,0,[]
at://did:plc:wld6fad6xsm4tz4kfkoikun2/app.bsky.feed.post/3maqofbvv2m2k,,,4,2,0,0,[]
at://did:plc:xraomsuf6pvh7r2cqtdwhkvm/app.bsky.feed.post/3maqnqqh6r22i,fuck,,38,5,0,0,[]
at://did:plc:yh5kl53hwy7rhahgcsuyef5a/app.bsky.feed.post/3maqnocldis26,sunday for us!,,0,0,0,0,[]
at://did:plc:mzeafnu2fiz4jsuohywamioa/app.bsky.feed.post/3maqn4r5th42m,'remember what i buried!' chauffer's fiery blow up with epstein and ghislaine inside strip club was reported to fbi trib.al/ivhs1qd,,0,0,0,0,[]
at://did:plc:jbvnehrrdqoulco4rf5gxg5r/app.bsky.feed.post/3maqn3biqze24,nuggets f cameron johnson (knee) to undergo mri reut.rs/494ifdj,,3,0,0,0,[]
at://did:plc:yh5kl53hwy7rhahgcsuyef5a/app.bsky.feed.post/3maqkajn3nc2g,"stotting too, jendia?",,1,0,0,0,[]
at://did:plc:j4eroku3volozvv6ljsnnfec/app.bsky.feed.post/3maqj6t3pvs2c,,,6,2,0,8,[]
at://did:plc:j4eroku3volozvv6ljsnnfec/app.bsky.feed.post/3maqj6pqww22c,now leading huffpost:,,9,3,1,4,[]
at://did:plc:zha4tsu7otgnojc7uoxhjmkr/app.bsky.feed.post/3maqj2marrs2d,logging off til 2026. ‚ù§Ô∏è,,196,13,0,2,[]
at://did:plc:xraomsuf6pvh7r2cqtdwhkvm/app.bsky.feed.post/3maqij6flis2v,,,39,2,0,0,[]
at://did:plc:yc54nj2zlnqrdotewpkbrauy/app.bsky.feed.post/3maqieqpjys2e,a blast in gaza wounds a soldier and israel accuses hamas of ceasefire violation,,4,1,0,0,[]
at://did:plc:jbvnehrrdqoulco4rf5gxg5r/app.bsky.feed.post/3maqh734acj2c,solgold agrees to $1.2 billion takeover by top investor jiangxi copper reut.rs/48tmanh,,2,0,0,0,[]
at://did:plc:yc54nj2zlnqrdotewpkbrauy/app.bsky.feed.post/3maqfnzvvhr2p,how a fast-moving $50 cash relief program buoyed needy families when snap payments were paused,,7,0,0,2,[]
at://did:plc:d2jith367s6ybc3ldsusgdae/app.bsky.feed.post/3maqfkwr3ba2x,socal agave owners have been hacked. what are thieves doing with those filched leaves?,,9,1,0,1,[]
at://did:plc:wld6fad6xsm4tz4kfkoikun2/app.bsky.feed.post/3maqezdfsud2u,,,15,0,0,7,[]
at://did:plc:wld6fad6xsm4tz4kfkoikun2/app.bsky.feed.post/3maqdbny2qk2k,,,12,0,0,2,[]
at://did:plc:vovinwhtulbsx4mwfw26r5ni/app.bsky.feed.post/3maqd3hwrpu2n,"midwife leading nottingham maternity inquiry charging nhs up to ¬£26,000 a month",,11,8,3,6,[]
at://did:plc:mzeafnu2fiz4jsuohywamioa/app.bsky.feed.post/3maqatyrlkq26,governor of scandal-hit prison is sacked after he was filmed walking out of a brothel trib.al/swslxfp,,1,0,0,0,[]
at://did:plc:wld6fad6xsm4tz4kfkoikun2/app.bsky.feed.post/3maq7x4m3zk2u,,,20,1,2,8,[]
at://did:plc:yh5kl53hwy7rhahgcsuyef5a/app.bsky.feed.post/3maq7trn5tk2f,also variola.,,2,0,0,0,[]
at://did:plc:yh5kl53hwy7rhahgcsuyef5a/app.bsky.feed.post/3maq75jfhu22f,pseudonym.,,1,1,0,0,[]
at://did:plc:vovinwhtulbsx4mwfw26r5ni/app.bsky.feed.post/3mapzvb7xjh2w,christmas eve tv: joanna lumley is frightful in a festive ghost story,,30,0,3,4,[]
at://did:plc:jbvnehrrdqoulco4rf5gxg5r/app.bsky.feed.post/3mapwydee3n2r,bp to sell 65% stake in castrol to stonepeak for $6 billion reut.rs/3mrwj79,,4,0,0,2,[]
at://did:plc:3bybp6nqszlhuan2ch2cmv66/app.bsky.feed.post/3mapuma5cv22a,a heartwarming christmas meme‚Ä¶,,4,0,0,1,[]
at://did:plc:d2jith367s6ybc3ldsusgdae/app.bsky.feed.post/3mapvlm2tah2j,"rose parade float has a firefighter, pancakes, syrup: here's why some people were upset",,3,2,0,1,[]
at://did:plc:yc54nj2zlnqrdotewpkbrauy/app.bsky.feed.post/3mapvg5mlzw24,starmer urges britons to ‚Äòreach out‚Äô to each other over christmas,,10,0,1,3,[]
at://did:plc:jbvnehrrdqoulco4rf5gxg5r/app.bsky.feed.post/3mapuzs5nrw2i,hall of famer masashi 'jumbo' ozaki dies at 78 reut.rs/49a9uro,,5,0,0,2,[]
at://did:plc:jbvnehrrdqoulco4rf5gxg5r/app.bsky.feed.post/3mapu6vmr4z2r,trump's recall of ambassadors compounds staffing problems at posts in africa reut.rs/4sdikns,,17,1,0,10,[]
at://did:plc:mzeafnu2fiz4jsuohywamioa/app.bsky.feed.post/3mapsluxz3g2c,glamorous drunken democrat told cops 'you know who i am?' before being arrested trib.al/i9x0qc8,,0,0,0,0,[]
at://did:plc:uewxgchsjy4kmtu7dcxa77us/app.bsky.feed.post/3mapsanpai32u,billions of bacteria-infected mosquitoes are being weaponized by cities,,27,3,2,8,[]
at://did:plc:mzeafnu2fiz4jsuohywamioa/app.bsky.feed.post/3maprsifr2z2m,epstein docs bombshell exposes 10 possible coconspirators as redacted docs reveal late pedophile's sinister syndicate: 'who are they protecting?' trib.al/zy4xen6,,1,1,0,0,[]
at://did:plc:jbvnehrrdqoulco4rf5gxg5r/app.bsky.feed.post/3mapppy3hca2b,wizards f cam whitemore out indefinitely with dvt reut.rs/3liqfcq,,1,0,0,0,[]
at://did:plc:xraomsuf6pvh7r2cqtdwhkvm/app.bsky.feed.post/3mapne33eic2c,,,54,0,0,3,[]
at://did:plc:mzeafnu2fiz4jsuohywamioa/app.bsky.feed.post/3mapn55ru7s2c,nine people dead after mass shooting at pub near johannesburg trib.al/o4ompdk,,0,0,0,0,[]
at://did:plc:l5ubox2264vtrpl2lla2drdf/app.bsky.feed.post/3maplkg5sdk26,* asking for a friend,,3,0,0,0,[]
at://did:plc:l5ubox2264vtrpl2lla2drdf/app.bsky.feed.post/3mapl5mxeu22z,üòà,,1,1,0,0,[]
at://did:plc:l5ubox2264vtrpl2lla2drdf/app.bsky.feed.post/3mapl2q6cdlwg,okay ‚èé,,0,0,0,0,[]
at://did:plc:jbvnehrrdqoulco4rf5gxg5r/app.bsky.feed.post/3mapkxz5iji2b,martha stewart joins snoop dogg as swansea minority co-owner reut.rs/4qt5slc,,20,7,3,1,[]
at://did:plc:l5ubox2264vtrpl2lla2drdf/app.bsky.feed.post/3mapksjjb2rzy,what is this?,,0,1,0,0,[]
at://did:plc:62gdkmpwa7xme36getyqnem3/app.bsky.feed.post/3mapk4i7wgc2c,ughhhhh,,188,0,1,0,[]
at://did:plc:mzeafnu2fiz4jsuohywamioa/app.bsky.feed.post/3mapjmjarjp2j,"kerry washington, 48, declared 'ageless' as she reveals how exactly she maintains her fit figure trib.al/gulrnot",,2,0,0,1,[]
at://did:plc:y7xqgguq6uiaor4rzlwbvslk/app.bsky.feed.post/3maphjktttc2r,bsky.app/profile/mzin...,,0,0,0,0,[]
at://did:plc:xraomsuf6pvh7r2cqtdwhkvm/app.bsky.feed.post/3maphaca3is2i,transpo-cels are seething,,67,6,0,3,[]
at://did:plc:jbvnehrrdqoulco4rf5gxg5r/app.bsky.feed.post/3maph2u6b6r2y,brooks koepka parts ways with liv golf reut.rs/4psybei,,10,1,1,1,[]
at://did:plc:jbvnehrrdqoulco4rf5gxg5r/app.bsky.feed.post/3mapgjsgsgq2x,cubs reach deal with reliever jacob webb reut.rs/49h253s,,6,0,0,0,[]
at://did:plc:62gdkmpwa7xme36getyqnem3/app.bsky.feed.post/3mapetna3gk2c,incredible!,,4,1,0,0,[]
at://did:plc:62gdkmpwa7xme36getyqnem3/app.bsky.feed.post/3mapejjur6c2c,üòÆ,,6,1,0,0,[]
at://did:plc:jbvnehrrdqoulco4rf5gxg5r/app.bsky.feed.post/3mapbzs6gl62p,scottish rider onley signs for ineos grenadiers reut.rs/4sjhye3,,5,0,0,0,[]
at://did:plc:bd4jsw5jphamhymzjrvjj23u/app.bsky.feed.post/3mapbbswkk22j,just got brutally owned by my nephew,,64,4,0,1,[]
at://did:plc:xraomsuf6pvh7r2cqtdwhkvm/app.bsky.feed.post/3mapajey4rc2j,,,87,7,1,2,[]
at://did:plc:jbvnehrrdqoulco4rf5gxg5r/app.bsky.feed.post/3map7spp6bi2y,"lockheed martin aircraft-related contract upped by $10 billion, pentagon says reut.rs/496h5vz",,16,2,1,10,[]
at://did:plc:d2jith367s6ybc3ldsusgdae/app.bsky.feed.post/3map7ql3i4w2j,mick cronin tinkers with lineup during ucla's rout of uc riverside,,3,0,0,1,[]
at://did:plc:jbvnehrrdqoulco4rf5gxg5r/app.bsky.feed.post/3map6olje372b,"boeing awarded $2 billion engine replacement order, pentagon says reut.rs/3l6cnl9",,21,2,0,8,[]
at://did:plc:yc54nj2zlnqrdotewpkbrauy/app.bsky.feed.post/3map5nvz24v23,kevin o‚Äôleary blames u.s.-canada tensions as jim beam distillery closes for year,,16,17,8,3,[]
at://did:plc:jbvnehrrdqoulco4rf5gxg5r/app.bsky.feed.post/3map4hmco452x,australia's monash ivf slides as consortium withdraws $209 million buyout bid reut.rs/3mxvf6k,,3,0,0,1,[]
at://did:plc:yc54nj2zlnqrdotewpkbrauy/app.bsky.feed.post/3map465agpi24,mtg says ‚Äòonly evil people‚Äô would protect epstein as docs reveal co-conspirators,,67,5,3,16,[]
at://did:plc:jfhpnnst6flqway4eaeqzj2a/app.bsky.feed.post/3map34uxrkk2b,maybe depends when you click in if we‚Äôve congealed,,1,0,0,0,[]
at://did:plc:vovinwhtulbsx4mwfw26r5ni/app.bsky.feed.post/3maoxwcnaxd2z,keir starmer encourages britons to ‚Äòreach out‚Äô to others this christmas,,45,17,12,5,[]
at://did:plc:yh5kl53hwy7rhahgcsuyef5a/app.bsky.feed.post/3maovhplh3s2h,that should be mid to late nineteenth century.,,0,0,0,0,[]
at://did:plc:jbvnehrrdqoulco4rf5gxg5r/app.bsky.feed.post/3maota46t6f23,suspension lifted for bucs rookie rb josh williams reut.rs/4as1pkj,,3,0,0,2,[]
at://did:plc:jbvnehrrdqoulco4rf5gxg5r/app.bsky.feed.post/3maosnzor4f2b,egypt's salah ties african greats with afcon scoring streak reut.rs/4qbqm29,,5,0,0,1,[]
at://did:plc:yh5kl53hwy7rhahgcsuyef5a/app.bsky.feed.post/3maoqe6bgyc2b,all night.,,0,0,0,0,[]
at://did:plc:d2jith367s6ybc3ldsusgdae/app.bsky.feed.post/3maopsp54rn2j,"missing california 9-year-old melodee buzzard found dead, grandmother says",,7,0,0,2,[]
at://did:plc:wld6fad6xsm4tz4kfkoikun2/app.bsky.feed.post/3maoooacwpo2n,,,37,3,2,4,[]
at://did:plc:mzeafnu2fiz4jsuohywamioa/app.bsky.feed.post/3maooghexqu2b,andrew mountbatten-windsor 'is stripped of his gun licence and under strict supervision' trib.al/q5swrxm,,0,0,1,0,[]
at://did:plc:jbvnehrrdqoulco4rf5gxg5r/app.bsky.feed.post/3maonw5k4gk2i,white sox reach 1-year deal with lhp sean newcomb reut.rs/4qiutkq,,4,0,0,0,[]
at://did:plc:j7tdfjsbop2oq7cghfbdwvqq/app.bsky.feed.post/3maomqc4ljk2p,dope,,1,0,0,0,[]
at://did:plc:j7eliwxzqpvvwu6jbxr5ggaf/app.bsky.feed.post/3maolibdk222l,literally,,2,0,0,0,[]
at://did:plc:jfhpnnst6flqway4eaeqzj2a/app.bsky.feed.post/3maokntvcos2k,lmao,,4,1,0,0,[]
at://did:plc:mzeafnu2fiz4jsuohywamioa/app.bsky.feed.post/3maojp45p7r25,trump administration rushes to delete chilling video recreating jeffrey epstein's suicide trib.al/teqbzja,,3,0,0,1,[]
at://did:plc:wld6fad6xsm4tz4kfkoikun2/app.bsky.feed.post/3maojbed2bn2q,,,22,2,4,2,[]
at://did:plc:jbvnehrrdqoulco4rf5gxg5r/app.bsky.feed.post/3maohim3khm2i,turkey raises monthly minimum wage by 27% for 2026 reut.rs/3mvcliv,,28,5,0,14,[]
at://did:plc:jbvnehrrdqoulco4rf5gxg5r/app.bsky.feed.post/3maognvueau23,"nestle sells remaining 40% herta stake to casa tarradellas, ending joint venture reut.rs/3ndg6tk",,3,0,1,3,[]
at://did:plc:oqr5mp25r7z3vfr3igeerxbw/app.bsky.feed.post/3maogbayyc223,"this keeps happening 

www.nytimes.com/2025/12/23/a...",,2042,215,63,448,[]
at://did:plc:fondzonhxhlrfp777gwvfmah/app.bsky.feed.post/3maofzzymms2b,was this written by a shrimp?,,6,0,0,0,[]
at://did:plc:365q4vrkkvgyxg7npljmvj7d/app.bsky.feed.post/3maofrgdo4k2o,i honestly cannot stop laughing,,47,10,10,9,[]
at://did:plc:jbvnehrrdqoulco4rf5gxg5r/app.bsky.feed.post/3maofswktq52i,us consumer confidence deteriorates in december reut.rs/496j2bh,,45,4,4,15,[]
at://did:plc:jbvnehrrdqoulco4rf5gxg5r/app.bsky.feed.post/3maofk5wevz2y,"trump says he invited kazakh, uzbek leaders to g20 summit next year reut.rs/4av395z",,8,6,0,7,[]
at://did:plc:b5ly66nko7iijwy2lktt3ctq/app.bsky.feed.post/3maoepbqtl22j,,,4,0,0,0,[]
at://did:plc:j4eroku3volozvv6ljsnnfec/app.bsky.feed.post/3maoebxq2mt2a,this dyson deal is definitely going to sell out.,,2,1,1,0,[]
at://did:plc:wld6fad6xsm4tz4kfkoikun2/app.bsky.feed.post/3maobpql3g22n,,,28,2,0,8,[]
at://did:plc:mhzk3blh4pfxo3fqh2meowbb/app.bsky.feed.post/3maobdw4b4s2x,"poland, sweden and others are buying subs to protect pipelines",,40,0,1,20,[]
at://did:plc:xraomsuf6pvh7r2cqtdwhkvm/app.bsky.feed.post/3maoa7ycjjk2i,"my steak too juicy, my lobster too buttery",,71,2,0,4,[]
at://did:plc:wld6fad6xsm4tz4kfkoikun2/app.bsky.feed.post/3maoa5pucbt24,,,24,1,1,15,[]
at://did:plc:xraomsuf6pvh7r2cqtdwhkvm/app.bsky.feed.post/3maoa4zhdkc2i,"more videos of bob, onion boy",,57,0,0,0,[]
at://did:plc:ys4wfdtsewnlm3zu2ja4f3vd/app.bsky.feed.post/3mao2t4jz7c2c,"like... holy shit?

www.latimes.com/california/s...",,13,0,0,4,[]
at://did:plc:xraomsuf6pvh7r2cqtdwhkvm/app.bsky.feed.post/3mao7v4ka2k2i,or you know maybe just a permanent  diaperfur pause button,,24,1,0,0,[]
at://did:plc:yh5kl53hwy7rhahgcsuyef5a/app.bsky.feed.post/3mao7khaxlk2a,congratulations zion!,,1,1,0,0,[]
at://did:plc:eypx7dodaoitos4rbv5ihks3/app.bsky.feed.post/3mao7chffn226,anyway merry christmas!,,46,0,0,0,[]
at://did:plc:7exlcsle4mjfhu3wnhcgizz6/app.bsky.feed.post/3mao6sz4xkt2k,watch lists are broken. federation could fix them.,,51,1,2,5,[]
at://did:plc:mzeafnu2fiz4jsuohywamioa/app.bsky.feed.post/3mao6j2gknm23,husband and five men charged with 60 sexual offences against his ex-wife including drugging and repeatedly raping her trib.al/wbvi6uq,,2,0,0,0,[]
at://did:plc:zctue4vtjwztlygf2lu7ydtm/app.bsky.feed.post/3mao6axf2352q,prayers for ben sasse. üôè,,95,12,2,18,[]
at://did:plc:s6ffatbio6ynoup3z7rokujx/app.bsky.feed.post/3mao2vjrack2c,this is insane,,38,3,5,9,[]
at://did:plc:wld6fad6xsm4tz4kfkoikun2/app.bsky.feed.post/3mao5ncirzy2q,,,189,11,17,44,[]
at://did:plc:klknudxgybzgrr4nkyjm2owg/app.bsky.feed.post/3mao4oxb4pd2m,banks urged to help prisoners leaving jail without accounts,,6,1,0,0,[]
at://did:plc:idnalufyzxvckvijsqb4qlp6/app.bsky.feed.post/3manwcadqec2z,"uh, wow www.latimes.com/california/s...",,202,13,47,61,[]
at://did:plc:jbvnehrrdqoulco4rf5gxg5r/app.bsky.feed.post/3maqqhzac2t2r,$1.7 billion powerball jackpot offers a chance at a festive fortune reut.rs/3mktsbl,,0,0,0,0,[]
at://did:plc:jfhpnnst6flqway4eaeqzj2a/app.bsky.feed.post/3maqqmuxn3c2k,"gmgm

merry christmas!",,2,0,1,0,[]
at://did:plc:d2jith367s6ybc3ldsusgdae/app.bsky.feed.post/3maqt3n4ejm2x,magnitude 2.6 earthquake reported off malibu,,0,0,0,0,[]
at://did:plc:ntkmgew2vnq7lkpze65ffmzx/app.bsky.feed.post/3maqtlloq2s2c,ugh that‚Äôs terrible,,0,0,0,0,[]
at://did:plc:5siz7r23475fek2mj6p5zhzw/app.bsky.feed.post/3maqujjej422o,there‚Äôs always a bite of paper in there,,0,0,0,0,[]
at://did:plc:lqh2vsqtve6zs5ijyjl5sen4/app.bsky.feed.post/3maqga6wnwc24,,,0,0,0,1,[]
at://did:plc:5siz7r23475fek2mj6p5zhzw/app.bsky.feed.post/3maqur2e2n22o,omg my people,,2,0,0,0,[]
at://did:plc:mzeafnu2fiz4jsuohywamioa/app.bsky.feed.post/3maqw6xc3nf2l,trump's fbi says 'epstein' prison postcard to pedophile larry nassar is fake trib.al/exacomw,,0,0,0,0,[]
at://did:plc:yh5kl53hwy7rhahgcsuyef5a/app.bsky.feed.post/3maqww5whxc2a,yes. that's what i said!,,0,0,0,0,[]
at://did:plc:x56l2n7i7babgdzqul4bd433/app.bsky.feed.post/3maqx5gbopk22,,,0,0,0,0,[]
at://did:plc:iik35sfa5ps5r23ab4ujly32/app.bsky.feed.post/3maqux4sfuk2c,"hey, i‚Äôm quoted in this!",,1,0,0,1,[]
at://did:plc:d2jith367s6ybc3ldsusgdae/app.bsky.feed.post/3maqxfcvs4m2j,socal agave owners have been hacked. what are thieves doing with those filched leaves?,,1,1,0,1,[]
at://did:plc:vovinwhtulbsx4mwfw26r5ni/app.bsky.feed.post/3maqxp6f6wq2z,israel condemned for approval of 19 settlements in occupied west bank,,7,0,0,4,[]
at://did:plc:h3dadagqbymbiy3kv6t4fuha/app.bsky.feed.post/3maqvzie3bk2z,,,187,3,3,67,[]
at://did:plc:xraomsuf6pvh7r2cqtdwhkvm/app.bsky.feed.post/3maqykw56jc2k,"i am 12""",,5,1,0,0,[]
at://did:plc:jbvnehrrdqoulco4rf5gxg5r/app.bsky.feed.post/3maqyj5xkqy2k,suspension could cost steelers' dk metcalf more than $45m reut.rs/4qi5exw,,3,0,0,2,[]
at://did:plc:yc54nj2zlnqrdotewpkbrauy/app.bsky.feed.post/3maqyorjci324,mariah carey awarded payout after ‚Äòall i want for christmas‚Äô lawsuit is dismissed,,0,0,0,1,[]
at://did:plc:b5ly66nko7iijwy2lktt3ctq/app.bsky.feed.post/3maqzg2hsfc24,miami,,0,0,0,0,[]
at://did:plc:ln72v57ivz2g46uqf4xxqiuh/app.bsky.feed.post/3mar2wroatc2m,"siblings sometimes share quirky traits, like being able to throw a ball with their head or pick things up with their toes. researchers wanted to know what's up with that.",,6,1,0,1,[]
at://did:plc:j4eroku3volozvv6ljsnnfec/app.bsky.feed.post/3mar37hqz7c26,,,0,0,0,0,[]
at://did:plc:j4eroku3volozvv6ljsnnfec/app.bsky.feed.post/3mar37frtps26,now leading huffpost:,,0,1,0,0,[]
at://did:plc:xraomsuf6pvh7r2cqtdwhkvm/app.bsky.feed.post/3mar4agkdnk2w,lexus december to remember ‚Äì snl youtu.be/wceylcwksxe,,0,0,0,0,[]
at://did:plc:yh5kl53hwy7rhahgcsuyef5a/app.bsky.feed.post/3mar4nqync22a,i've just been outside. horribly cloudy but some slight gaps.,,4,0,0,0,[]
at://did:plc:klknudxgybzgrr4nkyjm2owg/app.bsky.feed.post/3mar52uleke2x,"british boy, 13, killed in portugal named as alfie hallett",,0,0,0,0,[]
at://did:plc:jfhpnnst6flqway4eaeqzj2a/app.bsky.feed.post/3mar5rjrgcs2k,they're all getting along for christmas,,0,0,0,0,[]
at://did:plc:emhyi4kljodgqlusdsopgfgd/app.bsky.feed.post/3mar5zh7yfk23,a christmas miracle,,0,0,0,0,[]
at://did:plc:yf6hctt2ug3qyfty4in64yob/app.bsky.feed.post/3mar5yga4jg2y,"obamacare sign-ups are steady, but warning signs emerge",,0,0,0,0,[]
at://did:plc:jbvnehrrdqoulco4rf5gxg5r/app.bsky.feed.post/3mar644bmjx2i,"goals against sudan not a response to critics, says mahrez reut.rs/4jayywc",,0,0,0,0,[]
at://did:plc:jfhpnnst6flqway4eaeqzj2a/app.bsky.feed.post/3mar66wze4k2k,dramatic lorikeet,,0,0,0,0,[]
at://did:plc:mzeafnu2fiz4jsuohywamioa/app.bsky.feed.post/3maraaqg5by2m,chris rea dies aged 74 trib.al/miqpnht,,0,0,0,0,[]
at://did:plc:jbvnehrrdqoulco4rf5gxg5r/app.bsky.feed.post/3marbqax45624,cameroon score early to snatch win over gabon reut.rs/3nhcwfj,,1,0,0,0,[]
at://did:plc:5p6dvkv2oewtrk4tg6kjxvfz/app.bsky.feed.post/3mardap2dy22k,sweet! :d marry xmas! eric!,,0,0,0,0,[]
at://did:plc:jbvnehrrdqoulco4rf5gxg5r/app.bsky.feed.post/3mardxv7mei2s,veteran qb josh johnson to start for commanders vs. cowboys reut.rs/48uuboc,,0,0,0,0,[]
at://did:plc:jfhpnnst6flqway4eaeqzj2a/app.bsky.feed.post/3marepqi7hc2o,merry christmas to each and every wombat,,0,0,0,0,[]
at://did:plc:xraomsuf6pvh7r2cqtdwhkvm/app.bsky.feed.post/3marfahxngs2z,i am 12',,16,1,0,1,[]
at://did:plc:62gdkmpwa7xme36getyqnem3/app.bsky.feed.post/3margiwju4c2i,video ‚Äúrevenue‚Äù ?,,2,0,0,0,[]
at://did:plc:62gdkmpwa7xme36getyqnem3/app.bsky.feed.post/3margrrzsts2i,definitely not,,0,0,0,0,[]
at://did:plc:62gdkmpwa7xme36getyqnem3/app.bsky.feed.post/3margzod2ls2i,thank you so much!,,0,0,0,0,[]
at://did:plc:62gdkmpwa7xme36getyqnem3/app.bsky.feed.post/3marhomjcuk2i,üò±,,0,0,0,0,[]
at://did:plc:vwjr7nkel7uawnadfwxfd3af/app.bsky.feed.post/3maogevroj224,"james ellroy and david fincher are gonna be going nuts about this. 

www.latimes.com/california/s...",,3,0,0,1,[]
at://did:plc:jbvnehrrdqoulco4rf5gxg5r/app.bsky.feed.post/3marls7v2f72i,norad tracks santa's yuletide sleigh ride for 70th year reut.rs/44fkz2u,,0,1,0,0,[]
at://did:plc:hgord3dqwzta3khfmbqcln22/app.bsky.feed.post/3marmadbc5c24,we talked about finder and chooser in an episode a few months back. and suggested other -er names for other apple apps.,,0,0,0,0,[]
at://did:plc:d2jith367s6ybc3ldsusgdae/app.bsky.feed.post/3marozqcftq23,magnitude 2.6 earthquake reported off malibu,,0,0,0,2,[]
at://did:plc:mzeafnu2fiz4jsuohywamioa/app.bsky.feed.post/3marubaqtcq2c,princess beatrice 'snubs her disgraced father and is spending christmas far away from him... and fergie' trib.al/uqusifd,,0,0,0,0,[]
at://did:plc:mzeafnu2fiz4jsuohywamioa/app.bsky.feed.post/3marvkyogzk2k,democrat sues to strip trump's name from kennedy center as cancellations begin trib.al/kjmrqw8,,0,0,0,0,[]
at://did:plc:xraomsuf6pvh7r2cqtdwhkvm/app.bsky.feed.post/3marwhcb3mc2o,,,0,0,0,0,[]
at://did:plc:mzeafnu2fiz4jsuohywamioa/app.bsky.feed.post/3marwtpxpa72m,unbelievable christmas sight in australia: 'that's insane' trib.al/zp5u5wo,,0,0,0,0,[]
at://did:plc:xraomsuf6pvh7r2cqtdwhkvm/app.bsky.feed.post/3marx2bx24k2o,@cock is this true,,0,0,0,0,[]
at://did:plc:hgord3dqwzta3khfmbqcln22/app.bsky.feed.post/3mas2todzxc2w,"nick rolovich       steve mariucci
                        ü§ù

          ruining christmas",,0,0,0,0,[]
at://did:plc:mzeafnu2fiz4jsuohywamioa/app.bsky.feed.post/3mas4jafz6y25,"fans walk out of catherine tate's 'smutfest' panto with 'so little story, talent and innuendo' after forking out up to ¬£220 for tickets trib.al/1ptpe0p",,0,0,0,0,[]
at://did:plc:mzeafnu2fiz4jsuohywamioa/app.bsky.feed.post/3masbwqwbrc25,heartbreak as irish teacher working in australia suddenly dies aged 29 trib.al/cn6bsqg,,0,0,0,0,[]
at://did:plc:mzeafnu2fiz4jsuohywamioa/app.bsky.feed.post/3masff34snw2b,clarifications and corrections trib.al/boqjqnu,,0,0,0,0,[]
at://did:plc:mzeafnu2fiz4jsuohywamioa/app.bsky.feed.post/3mauxxphftm25,"'beloved' former liberal mp, 59, dies a week after celebrating her daughter's huge achievement trib.al/6i8x7yp",,1,0,0,0,[]
at://did:plc:mzeafnu2fiz4jsuohywamioa/app.bsky.feed.post/3mauws36i4223,cops make breakthrough in manhunt for pack of teenagers after norwegian tourist was brutally bashed at st kilda pier trib.al/qggtvpi,,1,0,0,0,[]
at://did:plc:yc54nj2zlnqrdotewpkbrauy/app.bsky.feed.post/3mauu5taowq24,video: trump launches deadly us strike against isis in nigeria,,7,4,0,1,[]
at://did:plc:mzeafnu2fiz4jsuohywamioa/app.bsky.feed.post/3mausjwvuqv23,andrew pierce: why i flinch when i see nuns - despite being a catholic trib.al/ovwzyyj,,0,0,0,0,[]
at://did:plc:d2jith367s6ybc3ldsusgdae/app.bsky.feed.post/3mauqur3qqb24,"16-year-old killed, 4 wounded in christmas day shooting in lancaster",,4,0,1,2,[]
at://did:plc:mzeafnu2fiz4jsuohywamioa/app.bsky.feed.post/3maupzhwndq2y,louisiana factory boss gifts 540 employees six-figure christmas bonuses totaling $240 million trib.al/o3a60pv,,0,0,0,0,[]
at://did:plc:mzeafnu2fiz4jsuohywamioa/app.bsky.feed.post/3maulwan6a52y,lobster shipment worth $400k hijacked before reaching costco stores trib.al/2fnrlax,,1,0,0,1,[]
at://did:plc:emhyi4kljodgqlusdsopgfgd/app.bsky.feed.post/3maujucxbks2n,hell yea,,0,0,0,0,[]
at://did:plc:jbvnehrrdqoulco4rf5gxg5r/app.bsky.feed.post/3mauenemnhj2c,lakers g austin reaves (calf) ruled out vs. rockets reut.rs/4qpxrga,,1,0,0,0,[]
at://did:plc:xraomsuf6pvh7r2cqtdwhkvm/app.bsky.feed.post/3maue5ugyqs2y,,,37,1,0,0,[]
at://did:plc:j4eroku3volozvv6ljsnnfec/app.bsky.feed.post/3mau6f7ju322a,trump wishes a merry christmas to ... epstein island visitors?!?,,22,3,0,11,[]
at://did:plc:xraomsuf6pvh7r2cqtdwhkvm/app.bsky.feed.post/3mau53blqok2y,merry christmas üéÑüåÉ from our savior,,136,4,0,5,[]
at://did:plc:jfhpnnst6flqway4eaeqzj2a/app.bsky.feed.post/3matuxvov3226,,,3,0,0,0,[]
at://did:plc:mzeafnu2fiz4jsuohywamioa/app.bsky.feed.post/3matrw32mps2y,disturbing clues found in portuguese hometown of mit assassin amid search for motive: 'he was always a little strange' trib.al/a5hty7d,,0,0,0,0,[]
at://did:plc:xraomsuf6pvh7r2cqtdwhkvm/app.bsky.feed.post/3matrikpvlc27,,,58,2,0,1,[]
at://did:plc:5siz7r23475fek2mj6p5zhzw/app.bsky.feed.post/3matr36a76227,omg merry christmas!!!,,2,1,0,0,[]
at://did:plc:jfhpnnst6flqway4eaeqzj2a/app.bsky.feed.post/3matr23iuo226,merry christmas america,,7,0,0,0,[]
at://did:plc:k5nskatzhyxersjilvtnz4lh/app.bsky.feed.post/3matkwuqwib2e,"because riders and passersby can be unreliable, waymo pays workers in l.a. $20 or more for rescuing a robotaxi by closing a door, summoning help through an app called honk that is like an uber for towing companies.",,46,10,15,12,[]
at://did:plc:jbvnehrrdqoulco4rf5gxg5r/app.bsky.feed.post/3matkf3ix3y24,southern california rb eli sanders entering nfl draft reut.rs/4pnk8fg,,5,0,0,0,[]
at://did:plc:yc54nj2zlnqrdotewpkbrauy/app.bsky.feed.post/3matk7jx62v24,starmer needs to tell a better christmas story about labour,,12,5,1,2,[]
at://did:plc:xraomsuf6pvh7r2cqtdwhkvm/app.bsky.feed.post/3matj3u7rg22w,,,50,2,1,2,[]
at://did:plc:mzeafnu2fiz4jsuohywamioa/app.bsky.feed.post/3mathiypdbn23,stephen lawrence's racist killer clashes with manchester arena plotter hashem abedi behind bars trib.al/wslxfxh,,0,1,0,0,[]
at://did:plc:7odhgjrqjyqrjqvzxxmqzlz6/app.bsky.feed.post/3matdhva7bc2m,sorry to hear. hang in there.,,13,0,0,0,[]
at://did:plc:7d7efvb5cdkzmf6dn5awilst/app.bsky.feed.post/3mapxa72xxs2w,"woah
www.latimes.com/california/s...",,32,1,0,12,[]
at://did:plc:vovinwhtulbsx4mwfw26r5ni/app.bsky.feed.post/3matbnxytbt27,british campaigner launches legal challenge against trump administration after deportation threat,,105,2,2,35,[]
at://did:plc:jbvnehrrdqoulco4rf5gxg5r/app.bsky.feed.post/3matbgrmk742i,commanders rb chris rodriguez jr. inactive vs. cowboys reut.rs/4s8efkj,,6,0,0,1,[]
at://did:plc:xraomsuf6pvh7r2cqtdwhkvm/app.bsky.feed.post/3mataqkq6vs24,ü•∞ü•≥,,1,0,0,0,[]
at://did:plc:jbvnehrrdqoulco4rf5gxg5r/app.bsky.feed.post/3matad6plzw2s,ole miss qb trinidad chambliss hoping for additional eligibility reut.rs/4j9kryo,,6,0,0,1,[]
at://did:plc:yc54nj2zlnqrdotewpkbrauy/app.bsky.feed.post/3mat7eirchi2p,kennedy center honors hosted by trump tanks in ratings,,117,24,7,33,[]
at://did:plc:bd4jsw5jphamhymzjrvjj23u/app.bsky.feed.post/3mat6t54iuk2r,metropolitan,,2,0,0,0,[]
at://did:plc:a67zdrt4nl2tv2qojpngogbq/app.bsky.feed.post/3mat5k7pmc52k,mikaela shiffrin has plenty to celebrate this christmas. ,,59,1,1,3,[]
at://did:plc:mzeafnu2fiz4jsuohywamioa/app.bsky.feed.post/3mat3jyft4l2l,"merry christmas from hollywood as kim kardashian, madonna and sabrina carpenter blow kisses to their fans trib.al/dt41dkv",,0,0,0,0,[]
at://did:plc:uewxgchsjy4kmtu7dcxa77us/app.bsky.feed.post/3mat267ltle2w,üß† can you crack today‚Äôs alphadots faster than yesterday? try now: ,,3,2,0,0,[]
at://did:plc:jbvnehrrdqoulco4rf5gxg5r/app.bsky.feed.post/3masuueedpm24,russia compares us blockade of venezuela to piracy reut.rs/4seagbe,,41,12,7,19,[]
at://did:plc:v6x2nf2s6vpmjy4cshccgbvz/app.bsky.feed.post/3masuawyt622z,my kind of christmas story.,,10,0,0,2,[]
at://did:plc:inz4fkbbp7ms3ixufw6xuvdi/app.bsky.feed.post/3mass6hdzzw2j,here's how to make iphone and android devices a little easier to use. www.wired.com/story/how-to...,,70,5,1,13,[]
at://did:plc:mzeafnu2fiz4jsuohywamioa/app.bsky.feed.post/3maso67lkny2b,"trans killer, 30, who executed her parents then converted to islam is jailed for 25 years after trying to skip 'stressful' sentencing trib.al/uitfn6a",,1,0,0,0,[]
at://did:plc:zluhpi4abfzzr7ac6pecjhbl/app.bsky.feed.post/3masirxrzvc2q,"merry christmas to everyone celebrating üéÑ‚ú®

#merrychristmas",,84,2,0,8,[]
at://did:plc:azsiq6a5plbpa7ekw7pdrnum/app.bsky.feed.post/3mav2rzmig62q,kristin patrick skips breakfast and starts her day with dunkin' coffee and a spotify playlist. a dog walk at 3 p.m. helps her come back refreshed.,,2,0,0,0,[]
at://did:plc:4cunozcpjsh4advsniorb5d6/app.bsky.feed.post/3matmxc2hcc2a,a plastic orca though. ‚Ä¶.,,4,0,0,1,[]
at://did:plc:wld6fad6xsm4tz4kfkoikun2/app.bsky.feed.post/3mavameia7t2k,,,0,0,0,0,[]
at://did:plc:jbvnehrrdqoulco4rf5gxg5r/app.bsky.feed.post/3mavam2npw22y,india's coforge to acquire us-based encora in $2.35 billion deal reut.rs/3lepcdd,,0,0,0,0,[]
at://did:plc:j4eroku3volozvv6ljsnnfec/app.bsky.feed.post/3mavapzeovh2a,we asked three top longevity experts what‚Äôs in their grocery carts. here‚Äôs what they told us.,,0,0,0,0,[]
at://did:plc:5u54z2qgkq43dh2nzwzdbbhb/app.bsky.feed.post/3mavayttgjm2b,zelenskyy preparing to meet trump within days ft.trib.al/ryvyb52,,0,0,0,0,[]
at://did:plc:vovinwhtulbsx4mwfw26r5ni/app.bsky.feed.post/3mavbpaax3z2n,"with numbers of abandoned cats soaring, we somehow found ourselves with 11",,0,0,0,0,[]
at://did:plc:mzeafnu2fiz4jsuohywamioa/app.bsky.feed.post/3mavbz4b2kr2n,kate garraway reveals her heartache after dropping daughter darcey off to begin university without her late husband derek draper trib.al/3xnlvox,,0,0,0,0,[]
at://did:plc:jbvnehrrdqoulco4rf5gxg5r/app.bsky.feed.post/3mavd3wxssy24,uae shares slip in thin trade; dubai index marks fifth weekly gain reut.rs/4pud6td,,0,0,0,0,[]
at://did:plc:ksomqbgsxdjfftvucflglqav/app.bsky.feed.post/3mav5w26opk25,"only 34 years ago, yet we have become so complacent",,18,0,0,6,[]
at://did:plc:ubgit6dc7iwrk2wyqdmhbqqz/app.bsky.feed.post/3mavf6dqmjs26,wow! üòç,,0,0,0,0,[]
at://did:plc:2dzi6mgurtthv7gcrhba3645/app.bsky.feed.post/3mato3v3h222b,"merry xmas from gotham
#batman #dccomics #digitalart #gotham",,2320,16,4,242,[]
at://did:plc:wld6fad6xsm4tz4kfkoikun2/app.bsky.feed.post/3mavgau6qfe2x,,,0,0,0,0,[]
at://did:plc:5u54z2qgkq43dh2nzwzdbbhb/app.bsky.feed.post/3mavjuorc572y,mosque bombing in alawite district in syria leaves at least 8 dead ft.trib.al/pmxc4c5,,0,0,0,0,[]
at://did:plc:vovinwhtulbsx4mwfw26r5ni/app.bsky.feed.post/3mavk3dsu4r2o,us warns of more nigeria strikes as abuja talks of ‚Äòjoint ongoing operations‚Äô,,0,0,0,0,[]
at://did:plc:xraomsuf6pvh7r2cqtdwhkvm/app.bsky.feed.post/3mavk76yzfs2v,,,2,0,0,0,[]
at://did:plc:xraomsuf6pvh7r2cqtdwhkvm/app.bsky.feed.post/3mavkbpeuac2v,,,7,1,0,0,[]
at://did:plc:xraomsuf6pvh7r2cqtdwhkvm/app.bsky.feed.post/3mavkvkavjc2v,‚ù§Ô∏è,,0,0,0,0,[]
at://did:plc:vovinwhtulbsx4mwfw26r5ni/app.bsky.feed.post/3mavl3mqhcc2i,uk campaigner targeted by trump accuses tech giants of ‚Äòsociopathic greed‚Äô,,5,0,0,0,[]
at://did:plc:z2bdlsauzifkfl7pamrxmnm3/app.bsky.feed.post/3mauwnnxxys2h,@financialtimes.com year in a word: rare earths giftarticle.ft.com/giftarticle/... üß™üí°üîå‚öíÔ∏è,,3,0,0,4,[]
at://did:plc:mzeafnu2fiz4jsuohywamioa/app.bsky.feed.post/3mavpr5xgtq2n,epstein's chilling words rejecting suicide days before he died in jail trib.al/gadiysg,,0,0,0,0,[]
at://did:plc:yc54nj2zlnqrdotewpkbrauy/app.bsky.feed.post/3mavovkvhv52p,billboard telling troops to obey only lawful orders launches near florida base,,39,1,1,14,[]
at://did:plc:6vwezbhj7wwowu4sbur5npjk/app.bsky.feed.post/3mavouwrkws2r,wapo.st/4q1nsnk,,1,0,0,0,[]
at://did:plc:6vwezbhj7wwowu4sbur5npjk/app.bsky.feed.post/3mavorldcjk2r,wapo.st/4q1nsnk,,1,0,0,0,[]
at://did:plc:wld6fad6xsm4tz4kfkoikun2/app.bsky.feed.post/3mavqcsypvi2d,,,1,0,0,1,[]
at://did:plc:zdapcoh3f6wxrfaoe5tun6r7/app.bsky.feed.post/3mavtkbws7s26,www.rawstory.com/amfest-third...,,0,0,0,1,[]
at://did:plc:22q23ofx54ekzug5tlns2v36/app.bsky.feed.post/3mavtnccgy22m,thank you ashleigh!,,0,0,0,0,[]
at://did:plc:au2h75mougmx6kqblqbw24xd/app.bsky.feed.post/3mavtn6cb4y2d,925 billionaires eclipse bottom 50%. #econsky,,0,0,0,0,[]
